Date;Time;Severity;TID;This;Function;Message
2017/07/27;22:03:11.788;WARN;13274;0;main@69;"i: 42int main()"
2017/07/27;22:03:11.788;WARN;13274;0;main@69;"i: 43int main()"
2017/07/27;22:03:11.788;WARN;13274;0;main@69;"i: 44int main()"
2017/07/27;22:03:11.788;WARN;13274;0;main@69;"i: 45int main()"
2017/07/27;22:03:11.788;WARN;13274;0;main@69;"i: 46int main()"
2017/07/27;22:03:11.788;WARN;13274;0;main@69;"i: 47int main()"
2017/07/27;22:03:11.788;WARN;13274;0;main@69;"i: 48int main()"
2017/07/27;22:03:11.788;WARN;13274;0;main@69;"i: 49int main()"
2017/07/27;22:03:11.788;WARN;13274;0;main@69;"i: 50int main()"
2017/07/27;22:03:11.788;WARN;13274;0;main@69;"i: 51int main()"
2017/07/27;22:03:11.788;WARN;13274;0;main@69;"i: 52int main()"
2017/07/27;22:03:11.788;WARN;13274;0;main@69;"i: 53int main()"
2017/07/27;22:03:11.788;WARN;13274;0;main@69;"i: 54int main()"
2017/07/27;22:03:11.788;WARN;13274;0;main@69;"i: 55int main()"
2017/07/27;22:03:11.788;WARN;13274;0;main@69;"i: 56int main()"
2017/07/27;22:03:11.788;WARN;13274;0;main@69;"i: 57int main()"
2017/07/27;22:03:11.788;WARN;13274;0;main@69;"i: 58int main()"
2017/07/27;22:03:11.788;WARN;13274;0;main@69;"i: 59int main()"
2017/07/27;22:03:11.788;WARN;13274;0;main@69;"i: 60int main()"
2017/07/27;22:03:11.788;WARN;13274;0;main@69;"i: 61int main()"
2017/07/27;22:03:11.788;WARN;13274;0;main@69;"i: 62int main()"
2017/07/27;22:03:11.788;WARN;13274;0;main@69;"i: 63int main()"
2017/07/27;22:03:11.788;WARN;13274;0;main@69;"i: 64int main()"
2017/07/27;22:03:11.788;WARN;13274;0;main@69;"i: 65int main()"
2017/07/27;22:03:11.788;WARN;13274;0;main@69;"i: 66int main()"
2017/07/27;22:03:11.788;WARN;13274;0;main@69;"i: 67int main()"
2017/07/27;22:03:11.788;WARN;13274;0;main@69;"i: 68int main()"
2017/07/27;22:03:11.788;WARN;13274;0;main@69;"i: 69int main()"
2017/07/27;22:03:11.788;WARN;13274;0;main@69;"i: 70int main()"
2017/07/27;22:03:11.788;WARN;13274;0;main@69;"i: 71int main()"
2017/07/27;22:03:11.788;WARN;13274;0;main@69;"i: 72int main()"
2017/07/27;22:03:11.788;WARN;13274;0;main@69;"i: 73int main()"
2017/07/27;22:03:11.788;WARN;13274;0;main@69;"i: 74int main()"
2017/07/27;22:03:11.788;WARN;13274;0;main@69;"i: 75int main()"
2017/07/27;22:03:11.788;WARN;13274;0;main@69;"i: 76int main()"
2017/07/27;22:03:11.788;WARN;13274;0;main@69;"i: 77int main()"
2017/07/27;22:03:11.788;WARN;13274;0;main@69;"i: 78int main()"
2017/07/27;22:03:11.788;WARN;13274;0;main@69;"i: 79int main()"
2017/07/27;22:03:11.788;WARN;13274;0;main@69;"i: 80int main()"
2017/07/27;22:03:11.788;WARN;13274;0;main@69;"i: 81int main()"
2017/07/27;22:03:11.788;WARN;13274;0;main@69;"i: 82int main()"
2017/07/27;22:03:11.788;WARN;13274;0;main@69;"i: 83int main()"
2017/07/27;22:03:11.788;WARN;13274;0;main@69;"i: 84int main()"
2017/07/27;22:03:11.789;WARN;13274;0;main@69;"i: 85int main()"
2017/07/27;22:03:11.789;WARN;13274;0;main@69;"i: 86int main()"
2017/07/27;22:03:11.789;WARN;13274;0;main@69;"i: 87int main()"
2017/07/27;22:03:11.789;WARN;13274;0;main@69;"i: 88int main()"
2017/07/27;22:03:11.789;WARN;13274;0;main@69;"i: 89int main()"
2017/07/27;22:03:11.789;WARN;13274;0;main@69;"i: 90int main()"
2017/07/27;22:03:11.789;WARN;13274;0;main@69;"i: 91int main()"
2017/07/27;22:03:11.789;WARN;13274;0;main@69;"i: 92int main()"
2017/07/27;22:03:11.789;WARN;13274;0;main@69;"i: 93int main()"
2017/07/27;22:03:11.789;WARN;13274;0;main@69;"i: 94int main()"
2017/07/27;22:03:11.789;WARN;13274;0;main@69;"i: 95int main()"
2017/07/27;22:03:11.789;WARN;13274;0;main@69;"i: 96int main()"
2017/07/27;22:03:11.789;WARN;13274;0;main@69;"i: 97int main()"
2017/07/27;22:03:11.789;WARN;13274;0;main@69;"i: 98int main()"
2017/07/27;22:03:11.789;WARN;13274;0;main@69;"i: 99int main()"
2017/07/27;22:03:11.789;ERROR;13274;0;t_test_log@27;"@ t_test_log int t_test_log()"
2017/07/27;22:03:11.789;FATAL;13274;0;test_messer@36;"[../src/Tutorial_plog.cpp] fatalllllll"
2017/07/27;22:03:11.789;FATAL;13274;0;test_plog_default@46;"[../src/Tutorial_plog.cpp] fatal"
2017/07/27;22:03:11.789;FATAL;13274;0;test_messer@36;"[../src/Tutorial_plog.cpp] fatalllllll"
